{"Smugglers Bay": ["5.2", "2.8"], "Salty Islands": ["7", "3"], "Black Sand Atoll": ["14.7", "3"], "Marauders Arch": ["16.5", "2.9"], "Old Faithful Isle": ["13", "3.5"], "The Wild Treasures Store": ["14.6", "3.9"], "Scurvy Isley": ["10.8", "3.5"], "Picaroon Palms": ["8.4", "3.7"], "Sailors Bounty": ["2.2", "3.9"], "Sandy Shallows": ["4", "4.3"], "Boulder Cay": ["6.1", "4.3"], "Shark Fin Camp": ["15.3", "4.5"], "Black Water Enclave": ["17.5", "4.4"], "Plunderers Plight": ["16.7", "5.5"], "Blind Mans Lagoon": ["14", "5.4"], "Kraken Watchtower": ["11.3", "5.3"], "Lone Cove": ["7.6", "5.5"], "The Spoils Of Plenty Store": ["2", "6.6"], "Keel Haul Fort": ["2.9", "5.9"], "Sanctuary Outpost": ["5.3", "6.3"], "The Sunken Grove": ["15.2", "6.8"], "Dagger Tooth Outpost": ["12.9", "7"], "Rapier Cay": ["3.8", "7.6"], "Lonely Isle": ["7", "7.3"], "Hidden Spring Keep": ["8.7", "7.3"], "Galleons Grave Outpost": ["17.6", "7.3"], "The North Star Seapost": ["7.8", "9.8"], "Isle Of Last Words": ["14.2", "8.5"], "Three Paces East Seapost": ["18.7", "9.1"], "Crescent Isle": ["2", "9.7"], "Golden Sands Outpost": ["3.8", "9.9"], "Cannon Cove": ["6.2", "9.2"], "Rum Runner Isle": ["7.9", "8.8"], "Skull Keep": ["15.8", "8.8"], "Shipwreck Bay": ["12.5", "9.8"], "Brians Bazaar": ["24.3", "11.3"], "Liars Backbone": ["18.5", "10.3"], "Shiver Retreat": ["16.4", "10.4"], "The Crooked Masts": ["14.7", "10.7"], "Twin Groves": ["7.3", "10.6"], "Sea Dogs Rest": ["2.1", "10.7"], "Krakens Fall": ["17.5", "12"], "Shark Tooth Key": ["15.8", "12.1"], "Stephens Spoils": ["11.4", "15"], "Wanderers Refuge": ["5.8", "12"], "Lagoon Of Whispers": ["3.8", "11.9"], "Mermaids Hideaway": ["2", "13.7"], "Castaway Isle": ["10.1", "13.1"], "The Finest Trading Post": ["5.8", "16.7"], "The Fort Of The Damned": ["11.8", "13.6"], "Fools Lagoon": ["8.7", "13.6"], "Sailors Knot Stronghold": ["4.4", "13.7"], "Barnacle Cay": ["14.8", "15"], "Crooks Hollow": ["12.9", "15.3"], "Snake Island": ["10.3", "15"], "Chicken Isle": ["8.5", "15.1"], "Plunder Valley": ["6.3", "15.4"], "Ancient Spire Outpost": ["16.4", "16.4"], "Paradise Spring": ["11.5", "16.5"], "Lost Gold Fort": ["7.9", "16.8"], "Discovery Ridge": ["4.3", "16.3"], "Plunder Outpost": ["10", "17.6"], "Cutlass Cay": ["12.7", "17.4"], "The Crows Nest Fortress": ["14.3", "17"], "Old Salts Atoll": ["5.5", "18.9"], "Shark Bait Cove": ["7.3", "18.9"], "Thieves Haven": ["12", "19.3"], "Mutineer Rock": ["13.7", "18.7"], "Devils Ridge": ["15.6", "18.8"], "Booty Isle": ["10.3", "19.9"], "Lookout Point": ["9", "19.4"], "Scorched Pass": ["23.2", "10.3"], "Fetchers Rest": ["21.5", "11.5"], "Molten Sands Fortress": ["25.5", "11"], "Cursewater Shores": ["24.1", "12.5"], "Cinder Islet": ["20.5", "12.6"], "Flintlock Peninsula": ["22.5", "14"], "The Forsaken Brink": ["20", "15.5"], "Morrows Peak Outpost": ["21.7", "16.5"], "Rubys Fall": ["24.4", "15.6"], "Brimstone Rock": ["24", "17.8"], "Glowstone Cay": ["25.8", "18"], "Flames End": ["21.7", "18.9"], "Roaring Traders": ["20.3", "19.2"], "Magmas Tide": ["24.7", "19.9"], "Roaring Sands": ["20.3", "20.7"], "The Devils Thirst": ["22.8", "20.5"], "Ashen Reaches": ["21.2", "22.4"]}